{
  "val_loss": 1.542052872820143,
  "val_acc": 0.6438356164383562,
  "val_macro_f1": 0.3943448988341237,
  "test_loss": 1.4774558326736122,
  "test_acc": 0.6348336594911937,
  "test_macro_f1": 0.41002843587254223,
  "num_classes": 82,
  "train_size": 11918,
  "val_size": 2555,
  "test_size": 2555
}