theme,support,f1
Minecraft,38,0.6862745098039216
Friends,114,0.6586826347305389
Duplo,131,0.5879629629629629
Super Mario,40,0.5416666666666666
City,297,0.518
Belville,15,0.4827586206896552
Star Wars,210,0.4745341614906832
Ninjago,154,0.4724137931034483
Games,20,0.46153846153846156
Town,106,0.4024640657084189
Fabuland,13,0.3466666666666667
Castle,67,0.32967032967032966
Harry Potter,86,0.31788079470198677
Disney,60,0.2803234501347709
Collectable Minifigures,128,0.2638190954773869
