{
  "val_loss": 1.3694221274493492,
  "val_acc": 0.6477495107632094,
  "val_macro_f1": 0.47204000670632346,
  "test_loss": 1.384502869856101,
  "test_acc": 0.6340508806262231,
  "test_macro_f1": 0.4617642796386999
}