{
  "val_loss": 1.5549537106269493,
  "val_acc": 0.6626223091976516,
  "val_macro_f1": 0.46319478358523186,
  "test_loss": 1.4721328008431511,
  "test_acc": 0.6653620352250489,
  "test_macro_f1": 0.4941440642380901,
  "num_classes": 82,
  "train_size": 11918,
  "val_size": 2555,
  "test_size": 2555
}