{
  "val_loss": 1.3846135245843876,
  "val_acc": 0.6430528375733855,
  "val_macro_f1": 0.4692833671550875,
  "test_loss": 1.405982873164511,
  "test_acc": 0.6348336594911937,
  "test_macro_f1": 0.44725314181513603
}